unified_id,full_name,standardized_role,branch,verified_skills,inferred_skills,inference_reason,confidence_score,source_systems,status,flag_human_review
MN-2024001,Fajar Riyadi,Customer Service,Jakarta,Communication|Cross-selling|Ticketing|SLA Management|CRM,Product Knowledge|Escalation Handling,Product Knowledge: Role-cluster average: 73% of CS peers in same branch list this skill | Escalation Handling: Co-occurrence pattern: appears with Ticketing in 81% of CS profiles,0.86,SAP+Workable+Moodle,Ready for Reskilling,No
MN-2024002,Irma Susanto,HR Specialist,Surabaya,Labor Law|Payroll|Recruitment|Onboarding|HRIS|Performance Management,HR Analytics|Culture Building|Talent Management,HR Analytics: Adjacent skill: 89% of HR Specialists with HRIS also develop analytics | Culture Building: Soft-skill inference: Onboarding + Employee Relations → culture exposure | Talent Management: Seniority signal: >5 yrs HR tenure correlates with talent mgmt scope,0.89,SAP+Workable+Moodle,Active,No
MN-2024003,Imam Setiawan,Pharmacy Technician,Jakarta,N/A,Medication Safety|Quality Control,Medication Safety: GMP Standards + BPOM Compliance → safety protocol responsibility | Quality Control: GMP Standards skill → QC responsibility in 74% of pharma roles,0.64,SAP+Workable+Moodle,High Risk,Yes
MN-2024004,Juwita Bachtiar,Regulatory Affairs Officer,Yogyakarta,Dossier Preparation|BPOM Regulation|Submission Management|Labeling Compliance|GCP|Audit Support,Regulatory Intelligence|Change Control,Regulatory Intelligence: Adjacent to Dossier Prep + BPOM Regulation (domain cluster) | Change Control: Post-submission regulatory role typically involves change control,0.9,SAP+Workable+Moodle,High Potential,No
MN-2024005,Wulan Mahendra,Finance Officer,Palembang,Accounting|Reconciliation|Tax Compliance|SAP Finance,Audit Preparation|ERP Proficiency,Audit Preparation: Tax Compliance + SAP Finance → audit readiness (61% co-occurrence) | ERP Proficiency: SAP Finance usage → generalizable ERP skill (domain transfer),0.88,SAP+Workable+Moodle,Active,No
MN-2024006,Made Pranoto,Warehouse Staff,Palembang,Safety Compliance|Barcode Scanning|FIFO Method,Team Coordination|RF Scanner|Cycle Count,Team Coordination: Inferred from Warehouse Staff cluster + Safety Compliance skill | RF Scanner: Standard WH skill: 79% of Forklift + Barcode staff also use RF Scanner | Cycle Count: FIFO + Stock Opname → cycle count implied in 84% of warehouse roles,0.97,SAP+Workable+Moodle,Ready for Reskilling,No
MN-2024007,Citra Tambunan,Pharmacy Technician,Medan,N/A,Drug Interaction|Medication Safety,Drug Interaction: Pharmacy role + Dispensing → drug interaction review expected | Medication Safety: GMP Standards + BPOM Compliance → safety protocol responsibility,0.52,SAP+Workable+Moodle,Active,Yes
MN-2024008,Hafiz Utomo,Branch Manager,Surabaya,Strategic Planning|P&L Management|Stakeholder Management|Team Leadership|Budgeting|KPI Monitoring,Change Management|Workforce Planning,Change Management: Branch Manager + KPI Monitoring → change management scope inferred | Workforce Planning: P&L Management + Team Leadership → planning responsibility at BM level,0.81,SAP+Workable+Moodle,High Risk,Yes
MN-2024009,Doni Mahendra,HR Specialist,Yogyakarta,Employee Relations|Labor Law|Payroll|HRIS,HR Analytics|Training & Development,HR Analytics: Adjacent skill: 89% of HR Specialists with HRIS also develop analytics | Training & Development: HR with Onboarding + Performance data → T&D responsibility (81%),0.97,SAP+Workable+Moodle,High Potential,No
MN-2024010,Vina Yulianto,Finance Officer,Balikpapan,N/A,Cash Flow Management|ERP Proficiency|Forecasting,Cash Flow Management: Reconciliation + Accounting → cash flow mgmt in 83% of Finance Off. | ERP Proficiency: SAP Finance usage → generalizable ERP skill (domain transfer) | Forecasting: SAP Finance + Tax Compliance → financial forecasting adjacent,0.65,SAP+Workable,High Risk,Yes
MN-2024011,Zahra Lestari,Sales Representative,Jakarta,Pipeline Management|Negotiation|Cold Calling|Salesforce|Territory Management|CRM,Upselling|Lead Generation|Market Analysis,Upselling: Account Management + Cross-selling → upselling scope (76% overlap) | Lead Generation: CRM + Cold Calling → lead gen activity in 83% of sales profiles | Market Analysis: Territory Management + B2B Sales → market analysis exposure,0.96,SAP+Workable+Moodle,Active,No
MN-2024012,Lestari Suryadi,Marketing Specialist,Bandung,Campaign Management|Google Analytics|Digital Marketing|SEO/SEM|Social Media,A/B Testing|Brand Strategy|Email Marketing,A/B Testing: SEO/SEM + Google Analytics → A/B testing in 69% of digital mktg roles | Brand Strategy: Campaign Management + Content Creation → brand ownership scope | Email Marketing: Digital Marketing + Social Media → email as adjacent channel,0.76,SAP+Workable+Moodle,Active,No
MN-2024013,Umi Putra,Branch Manager,Bali,Strategic Planning|P&L Management|Stakeholder Management|Team Leadership|KPI Monitoring,Change Management|Coaching,Change Management: Branch Manager + KPI Monitoring → change management scope inferred | Coaching: Team Leadership >3 yrs → coaching behavior emerges (HRBP research),0.76,SAP+Workable+Moodle,Ready for Reskilling,No
MN-2024014,Panji Mulyono,Marketing Specialist,Balikpapan,Digital Marketing|Content Creation|Social Media,Email Marketing|A/B Testing,Email Marketing: Digital Marketing + Social Media → email as adjacent channel | A/B Testing: SEO/SEM + Google Analytics → A/B testing in 69% of digital mktg roles,0.88,SAP+Workable+Moodle,Active,No
MN-2024015,Fitri Junaedi,Sales Representative,Surabaya,Cold Calling|CRM|Account Management,Lead Generation|Customer Retention,Lead Generation: CRM + Cold Calling → lead gen activity in 83% of sales profiles | Customer Retention: SLA Management + Complaint Handling → retention pattern identified,0.94,SAP+Workable+Moodle,Active,No
MN-2024016,Budi Usman,Branch Manager,Makassar,Strategic Planning|Stakeholder Management|Team Leadership|Budgeting|KPI Monitoring,Change Management|Workforce Planning|Crisis Management,Change Management: Branch Manager + KPI Monitoring → change management scope inferred | Workforce Planning: P&L Management + Team Leadership → planning responsibility at BM level | Crisis Management: Stakeholder Management + Budgeting → crisis response expected,0.96,SAP+Workable+Moodle,Active,No
MN-2024017,Arif Hartono,Pharmacy Technician,Jakarta,SAP Pharma|Drug Dispensing|GMP Standards,Compounding|Drug Interaction|Medication Safety,Compounding: Pharmacy Tech with dispensing history → compounding likely (68%) | Drug Interaction: Pharmacy role + Dispensing → drug interaction review expected | Medication Safety: GMP Standards + BPOM Compliance → safety protocol responsibility,0.84,SAP+Workable+Moodle,Active,No
MN-2024018,Naomi Gunawan,HR Specialist,Bandung,Payroll|Recruitment|Onboarding|HRIS|Employee Relations,Training & Development|Culture Building,Training & Development: HR with Onboarding + Performance data → T&D responsibility (81%) | Culture Building: Soft-skill inference: Onboarding + Employee Relations → culture exposure,0.9,SAP+Workable+Moodle,Ready for Reskilling,No
MN-2024019,Johan Yulianto,Regulatory Affairs Officer,Medan,Dossier Preparation|Submission Management|BPOM Regulation|Audit Support,Change Control|Risk Assessment,Change Control: Post-submission regulatory role typically involves change control | Risk Assessment: Labeling Compliance + Audit Support → risk assessment scope,0.92,SAP+Workable+Moodle,Ready for Reskilling,No
MN-2024020,Zulfa Setiawan,Regulatory Affairs Officer,Bali,N/A,Risk Assessment|Change Control,Risk Assessment: Labeling Compliance + Audit Support → risk assessment scope | Change Control: Post-submission regulatory role typically involves change control,0.57,SAP+Workable+Moodle,Ready for Reskilling,Yes
MN-2024021,Wahyu Haryono,Medical Advisor,Bali,N/A,Presentation Skills|Data Analysis|Product Launch,Presentation Skills: KOL Management → medical presentation exposure in 79% of cases | Data Analysis: Medical Advisor + Pharmacovigilance → outcomes data analysis | Product Launch: KOL Management + Regulatory Affairs → launch support role inferred,0.71,SAP+Workable,Active,No
MN-2024022,Teguh Kurniawan,Pharmacy Technician,Surabaya,N/A,Compounding|Quality Control|Medication Safety,Compounding: Pharmacy Tech with dispensing history → compounding likely (68%) | Quality Control: GMP Standards skill → QC responsibility in 74% of pharma roles | Medication Safety: GMP Standards + BPOM Compliance → safety protocol responsibility,0.56,SAP+Workable+Moodle,High Risk,Yes
MN-2024023,Eko Rahayu,Customer Service,Medan,N/A,Product Knowledge|Empathy,Product Knowledge: Role-cluster average: 73% of CS peers in same branch list this skill | Empathy: Customer Service role + Complaint Handling → empathy as core competency,0.68,SAP+Workable,Active,No
MN-2024024,Yuni Hakim,Regulatory Affairs Officer,Bandung,Dossier Preparation|BPOM Regulation|Submission Management|Labeling Compliance|GCP|Audit Support,Risk Assessment|SOP Writing,Risk Assessment: Labeling Compliance + Audit Support → risk assessment scope | SOP Writing: RA Officers with GCP certified show 77% SOP writing activity,0.96,SAP+Workable+Moodle,Stable,No
MN-2024025,Lestari Usman,Regulatory Affairs Officer,Surabaya,N/A,SOP Writing|Change Control,SOP Writing: RA Officers with GCP certified show 77% SOP writing activity | Change Control: Post-submission regulatory role typically involves change control,0.69,SAP+Workable+Moodle,Stable,No
MN-2024026,Made Purnomo,Warehouse Staff,Surabaya,N/A,Documentation|Cycle Count,Documentation: Warehouse Staff + Safety Compliance → documentation requirement | Cycle Count: FIFO + Stock Opname → cycle count implied in 84% of warehouse roles,0.61,SAP+Workable,Active,Yes
MN-2024027,Lukman Santoso,Logistics Coordinator,Bandung,Route Optimization|Procurement|SAP WM|Supply Chain|Vendor Management,3PL Management|ERP SAP|Demand Planning,3PL Management: Supply Chain + SAP WM → 3PL coordination in 71% of logistics roles | ERP SAP: SAP WM skill → broader SAP ERP exposure (same platform family) | Demand Planning: Route Optimization + Procurement → demand planning adjacent,0.91,SAP+Workable+Moodle,Ready for Reskilling,No
MN-2024028,Vero Setiawan,Warehouse Staff,Yogyakarta,N/A,RF Scanner|Team Coordination|Documentation,RF Scanner: Standard WH skill: 79% of Forklift + Barcode staff also use RF Scanner | Team Coordination: Inferred from Warehouse Staff cluster + Safety Compliance skill | Documentation: Warehouse Staff + Safety Compliance → documentation requirement,0.72,SAP+Workable,Active,No
MN-2024029,Fajar Wahyudi,Customer Service,Medan,Communication|Cross-selling|Ticketing|SLA Management|Complaint Handling,Retention Strategy|Empathy|Product Knowledge,Retention Strategy: Inferred from tenure >3 yrs + CRM skill — retention exposure likely | Empathy: Customer Service role + Complaint Handling → empathy as core competency | Product Knowledge: Role-cluster average: 73% of CS peers in same branch list this skill,0.88,SAP+Workable+Moodle,Ready for Reskilling,No
MN-2024030,Niko Utomo,HR Specialist,Palembang,N/A,Training & Development|Culture Building,Training & Development: HR with Onboarding + Performance data → T&D responsibility (81%) | Culture Building: Soft-skill inference: Onboarding + Employee Relations → culture exposure,0.63,SAP+Workable+Moodle,High Potential,Yes
MN-2024031,Juwita Hartono,Medical Advisor,Yogyakarta,N/A,Data Analysis|Scientific Communication|Product Launch,Data Analysis: Medical Advisor + Pharmacovigilance → outcomes data analysis | Scientific Communication: Pharmacovigilance + Medical Writing → sci-comm requirement | Product Launch: KOL Management + Regulatory Affairs → launch support role inferred,0.54,SAP+Workable+Moodle,Active,Yes
MN-2024032,Sari Osman,Branch Manager,Semarang,Strategic Planning|P&L Management|Stakeholder Management|Team Leadership|Budgeting|KPI Monitoring,Workforce Planning|Crisis Management|Change Management,Workforce Planning: P&L Management + Team Leadership → planning responsibility at BM level | Crisis Management: Stakeholder Management + Budgeting → crisis response expected | Change Management: Branch Manager + KPI Monitoring → change management scope inferred,0.87,SAP+Workable+Moodle,Active,No
MN-2024033,Ika Setiawan,Customer Service,Makassar,Communication|Cross-selling|CRM|Ticketing,Product Knowledge|Empathy,Product Knowledge: Role-cluster average: 73% of CS peers in same branch list this skill | Empathy: Customer Service role + Complaint Handling → empathy as core competency,0.8,SAP+Workable,Active,No
MN-2024034,Vina Cahyono,Warehouse Staff,Palembang,N/A,Documentation|Cycle Count|Team Coordination,Documentation: Warehouse Staff + Safety Compliance → documentation requirement | Cycle Count: FIFO + Stock Opname → cycle count implied in 84% of warehouse roles | Team Coordination: Inferred from Warehouse Staff cluster + Safety Compliance skill,0.68,SAP+Workable+Moodle,Active,No
MN-2024035,Rizky Nugroho,Customer Service,Bali,Communication|Cross-selling|Ticketing|SLA Management|Complaint Handling|CRM,Retention Strategy|Escalation Handling,Retention Strategy: Inferred from tenure >3 yrs + CRM skill — retention exposure likely | Escalation Handling: Co-occurrence pattern: appears with Ticketing in 81% of CS profiles,0.81,SAP+Workable,Active,No
MN-2024036,Udin Kartono,Warehouse Staff,Jakarta,N/A,Team Coordination|Cycle Count|Documentation,Team Coordination: Inferred from Warehouse Staff cluster + Safety Compliance skill | Cycle Count: FIFO + Stock Opname → cycle count implied in 84% of warehouse roles | Documentation: Warehouse Staff + Safety Compliance → documentation requirement,0.7,SAP+Workable,Ready for Reskilling,No
MN-2024037,Zahra Tambunan,Regulatory Affairs Officer,Bali,Dossier Preparation|BPOM Regulation|Submission Management|Labeling Compliance|GCP,Risk Assessment|SOP Writing|Regulatory Intelligence,Risk Assessment: Labeling Compliance + Audit Support → risk assessment scope | SOP Writing: RA Officers with GCP certified show 77% SOP writing activity | Regulatory Intelligence: Adjacent to Dossier Prep + BPOM Regulation (domain cluster),0.97,SAP+Workable,Ready for Reskilling,No
MN-2024038,Dian Perdana,Pharmacy Technician,Jakarta,Patient Counseling|Inventory Management|SAP Pharma,Quality Control|Medication Safety,Quality Control: GMP Standards skill → QC responsibility in 74% of pharma roles | Medication Safety: GMP Standards + BPOM Compliance → safety protocol responsibility,0.84,SAP+Workable+Moodle,Stable,No
MN-2024039,Shinta Firmansyah,Logistics Coordinator,Yogyakarta,N/A,3PL Management|ERP SAP|Cold Chain Logistics,3PL Management: Supply Chain + SAP WM → 3PL coordination in 71% of logistics roles | ERP SAP: SAP WM skill → broader SAP ERP exposure (same platform family) | Cold Chain Logistics: Pharma logistics context → cold chain handling required for product type,0.57,SAP+Workable,High Potential,Yes
MN-2024040,Rizky Panjaitan,Sales Representative,Makassar,Pipeline Management|Negotiation|Cold Calling|Territory Management|Account Management,Market Analysis|Lead Generation,Market Analysis: Territory Management + B2B Sales → market analysis exposure | Lead Generation: CRM + Cold Calling → lead gen activity in 83% of sales profiles,0.78,SAP+Workable+Moodle,Stable,No
MN-2024041,Umi Suharto,Pharmacy Technician,Makassar,N/A,Drug Interaction|Quality Control|Medication Safety,Drug Interaction: Pharmacy role + Dispensing → drug interaction review expected | Quality Control: GMP Standards skill → QC responsibility in 74% of pharma roles | Medication Safety: GMP Standards + BPOM Compliance → safety protocol responsibility,0.57,SAP+Workable+Moodle,High Risk,Yes
MN-2024042,Nanda Santoso,Pharmacy Technician,Bandung,Inventory Management|SAP Pharma|GMP Standards|BPOM Compliance,Compounding|Medication Safety|Quality Control,Compounding: Pharmacy Tech with dispensing history → compounding likely (68%) | Medication Safety: GMP Standards + BPOM Compliance → safety protocol responsibility | Quality Control: GMP Standards skill → QC responsibility in 74% of pharma roles,0.84,SAP+Workable+Moodle,High Potential,No
MN-2024043,Hendra Nasution,Regulatory Affairs Officer,Medan,N/A,SOP Writing|Risk Assessment,SOP Writing: RA Officers with GCP certified show 77% SOP writing activity | Risk Assessment: Labeling Compliance + Audit Support → risk assessment scope,0.56,SAP+Workable,Active,Yes
MN-2024044,Claudia Saputra,Customer Service,Makassar,N/A,Retention Strategy|Empathy|Escalation Handling,Retention Strategy: Inferred from tenure >3 yrs + CRM skill — retention exposure likely | Empathy: Customer Service role + Complaint Handling → empathy as core competency | Escalation Handling: Co-occurrence pattern: appears with Ticketing in 81% of CS profiles,0.5,SAP+Workable,Ready for Reskilling,Yes
MN-2024045,Haris Panjaitan,Pharmacy Technician,Semarang,N/A,Medication Safety|Compounding|Drug Interaction,Medication Safety: GMP Standards + BPOM Compliance → safety protocol responsibility | Compounding: Pharmacy Tech with dispensing history → compounding likely (68%) | Drug Interaction: Pharmacy role + Dispensing → drug interaction review expected,0.61,SAP+Workable+Moodle,High Potential,Yes
MN-2024046,Made Susanto,Branch Manager,Medan,Budgeting|P&L Management|KPI Monitoring|Team Leadership,Change Management|Workforce Planning|Coaching,Change Management: Branch Manager + KPI Monitoring → change management scope inferred | Workforce Planning: P&L Management + Team Leadership → planning responsibility at BM level | Coaching: Team Leadership >3 yrs → coaching behavior emerges (HRBP research),0.87,SAP+Workable+Moodle,High Risk,Yes
MN-2024047,Benny Bachtiar,Customer Service,Jakarta,Communication|Cross-selling|Ticketing|SLA Management|Complaint Handling|CRM,Product Knowledge|Empathy|Escalation Handling,Product Knowledge: Role-cluster average: 73% of CS peers in same branch list this skill | Empathy: Customer Service role + Complaint Handling → empathy as core competency | Escalation Handling: Co-occurrence pattern: appears with Ticketing in 81% of CS profiles,0.94,SAP+Workable+Moodle,Ready for Reskilling,No
MN-2024048,Kiki Firmansyah,HR Specialist,Yogyakarta,Onboarding|Labor Law|Payroll|Recruitment,Training & Development|Culture Building,Training & Development: HR with Onboarding + Performance data → T&D responsibility (81%) | Culture Building: Soft-skill inference: Onboarding + Employee Relations → culture exposure,0.82,SAP+Workable,Active,No
MN-2024049,Rani Firmansyah,Finance Officer,Makassar,N/A,ERP Proficiency|Audit Preparation,ERP Proficiency: SAP Finance usage → generalizable ERP skill (domain transfer) | Audit Preparation: Tax Compliance + SAP Finance → audit readiness (61% co-occurrence),0.68,SAP+Workable+Moodle,High Potential,No
MN-2024050,Rama Nugroho,Sales Representative,Semarang,Pipeline Management|Cold Calling|Salesforce|Territory Management|B2B Sales|Account Management,Upselling|Lead Generation,Upselling: Account Management + Cross-selling → upselling scope (76% overlap) | Lead Generation: CRM + Cold Calling → lead gen activity in 83% of sales profiles,0.91,SAP+Workable,Ready for Reskilling,No
MN-2024051,Erwin Maulana,Customer Service,Makassar,Communication|Complaint Handling|CRM|SLA Management,Escalation Handling|Product Knowledge|Empathy,Escalation Handling: Co-occurrence pattern: appears with Ticketing in 81% of CS profiles | Product Knowledge: Role-cluster average: 73% of CS peers in same branch list this skill | Empathy: Customer Service role + Complaint Handling → empathy as core competency,0.84,SAP+Workable+Moodle,Ready for Reskilling,No
MN-2024052,Imam Riyadi,Marketing Specialist,Palembang,Campaign Management|SEO/SEM|Google Analytics|Social Media,Market Research|A/B Testing,Market Research: Social Media + Digital Marketing → market research exposure | A/B Testing: SEO/SEM + Google Analytics → A/B testing in 69% of digital mktg roles,0.84,SAP+Workable+Moodle,Active,No
MN-2024053,Kiki Maulana,Regulatory Affairs Officer,Yogyakarta,Audit Support|Submission Management|GCP,SOP Writing|Risk Assessment|Regulatory Intelligence,SOP Writing: RA Officers with GCP certified show 77% SOP writing activity | Risk Assessment: Labeling Compliance + Audit Support → risk assessment scope | Regulatory Intelligence: Adjacent to Dossier Prep + BPOM Regulation (domain cluster),0.78,SAP+Workable+Moodle,Ready for Reskilling,No
MN-2024054,Kiki Tambunan,Warehouse Staff,Semarang,Inventory Control|Safety Compliance|FIFO Method|Stock Opname|Forklift Operation,Cycle Count|Team Coordination|Documentation,Cycle Count: FIFO + Stock Opname → cycle count implied in 84% of warehouse roles | Team Coordination: Inferred from Warehouse Staff cluster + Safety Compliance skill | Documentation: Warehouse Staff + Safety Compliance → documentation requirement,0.89,SAP+Workable+Moodle,Ready for Reskilling,No
MN-2024055,Joko Santosa,Regulatory Affairs Officer,Palembang,Audit Support|BPOM Regulation|Labeling Compliance|Dossier Preparation,SOP Writing|Regulatory Intelligence,SOP Writing: RA Officers with GCP certified show 77% SOP writing activity | Regulatory Intelligence: Adjacent to Dossier Prep + BPOM Regulation (domain cluster),0.87,SAP+Workable,High Risk,Yes
MN-2024056,Valdi Mulyono,Customer Service,Medan,N/A,Product Knowledge|Retention Strategy,Product Knowledge: Role-cluster average: 73% of CS peers in same branch list this skill | Retention Strategy: Inferred from tenure >3 yrs + CRM skill — retention exposure likely,0.69,SAP+Workable+Moodle,High Risk,Yes
MN-2024057,Yoga Setiawan,Warehouse Staff,Balikpapan,N/A,RF Scanner|Cycle Count|Documentation,RF Scanner: Standard WH skill: 79% of Forklift + Barcode staff also use RF Scanner | Cycle Count: FIFO + Stock Opname → cycle count implied in 84% of warehouse roles | Documentation: Warehouse Staff + Safety Compliance → documentation requirement,0.65,SAP+Workable+Moodle,Active,No
MN-2024058,Jefri Kartono,Medical Advisor,Bali,N/A,Scientific Communication|Data Analysis,Scientific Communication: Pharmacovigilance + Medical Writing → sci-comm requirement | Data Analysis: Medical Advisor + Pharmacovigilance → outcomes data analysis,0.58,SAP+Workable+Moodle,High Potential,Yes
MN-2024059,Sigit Pranoto,Customer Service,Semarang,Communication|Cross-selling|Ticketing|SLA Management|Complaint Handling,Product Knowledge|Escalation Handling|Empathy,Product Knowledge: Role-cluster average: 73% of CS peers in same branch list this skill | Escalation Handling: Co-occurrence pattern: appears with Ticketing in 81% of CS profiles | Empathy: Customer Service role + Complaint Handling → empathy as core competency,0.92,SAP+Workable+Moodle,High Potential,No
MN-2024060,Nanda Riyadi,Customer Service,Medan,SLA Management|Communication|CRM,Product Knowledge|Empathy|Escalation Handling,Product Knowledge: Role-cluster average: 73% of CS peers in same branch list this skill | Empathy: Customer Service role + Complaint Handling → empathy as core competency | Escalation Handling: Co-occurrence pattern: appears with Ticketing in 81% of CS profiles,0.76,SAP+Workable,Ready for Reskilling,No
MN-2024061,Umi Cahyono,Medical Advisor,Palembang,N/A,Scientific Communication|Data Analysis|Product Launch,Scientific Communication: Pharmacovigilance + Medical Writing → sci-comm requirement | Data Analysis: Medical Advisor + Pharmacovigilance → outcomes data analysis | Product Launch: KOL Management + Regulatory Affairs → launch support role inferred,0.7,SAP+Workable+Moodle,High Risk,Yes
MN-2024062,Triana Suryadi,Regulatory Affairs Officer,Surabaya,Dossier Preparation|Submission Management|BPOM Regulation|Audit Support,Risk Assessment|SOP Writing,Risk Assessment: Labeling Compliance + Audit Support → risk assessment scope | SOP Writing: RA Officers with GCP certified show 77% SOP writing activity,0.88,SAP+Workable,Ready for Reskilling,No
MN-2024063,Bagas Riyadi,HR Specialist,Jakarta,Employee Relations|Labor Law|Payroll|HRIS,HR Analytics|Training & Development|Culture Building,HR Analytics: Adjacent skill: 89% of HR Specialists with HRIS also develop analytics | Training & Development: HR with Onboarding + Performance data → T&D responsibility (81%) | Culture Building: Soft-skill inference: Onboarding + Employee Relations → culture exposure,0.89,SAP+Workable+Moodle,Ready for Reskilling,No
MN-2024064,Citra Osman,Finance Officer,Bali,N/A,Cash Flow Management|ERP Proficiency,Cash Flow Management: Reconciliation + Accounting → cash flow mgmt in 83% of Finance Off. | ERP Proficiency: SAP Finance usage → generalizable ERP skill (domain transfer),0.73,SAP+Workable+Moodle,Stable,No
MN-2024065,Triana Osman,Medical Advisor,Jakarta,N/A,Scientific Communication|Product Launch|Data Analysis,Scientific Communication: Pharmacovigilance + Medical Writing → sci-comm requirement | Product Launch: KOL Management + Regulatory Affairs → launch support role inferred | Data Analysis: Medical Advisor + Pharmacovigilance → outcomes data analysis,0.69,SAP+Workable+Moodle,High Risk,Yes
MN-2024066,Bagas Kurniawan,Pharmacy Technician,Yogyakarta,N/A,Medication Safety|Compounding|Drug Interaction,Medication Safety: GMP Standards + BPOM Compliance → safety protocol responsibility | Compounding: Pharmacy Tech with dispensing history → compounding likely (68%) | Drug Interaction: Pharmacy role + Dispensing → drug interaction review expected,0.63,SAP+Workable+Moodle,Ready for Reskilling,Yes
MN-2024067,Yuni Effendi,Customer Service,Palembang,N/A,Empathy|Escalation Handling|Retention Strategy,Empathy: Customer Service role + Complaint Handling → empathy as core competency | Escalation Handling: Co-occurrence pattern: appears with Ticketing in 81% of CS profiles | Retention Strategy: Inferred from tenure >3 yrs + CRM skill — retention exposure likely,0.6,SAP+Workable,High Risk,Yes
MN-2024068,Sigit Tambunan,Warehouse Staff,Bali,N/A,Documentation|Cycle Count|RF Scanner,Documentation: Warehouse Staff + Safety Compliance → documentation requirement | Cycle Count: FIFO + Stock Opname → cycle count implied in 84% of warehouse roles | RF Scanner: Standard WH skill: 79% of Forklift + Barcode staff also use RF Scanner,0.62,SAP+Workable+Moodle,Ready for Reskilling,Yes
MN-2024069,Gita Osman,Branch Manager,Semarang,N/A,Coaching|Workforce Planning|Crisis Management,Coaching: Team Leadership >3 yrs → coaching behavior emerges (HRBP research) | Workforce Planning: P&L Management + Team Leadership → planning responsibility at BM level | Crisis Management: Stakeholder Management + Budgeting → crisis response expected,0.68,SAP+Workable,Active,No
MN-2024070,Fajar Santoso,HR Specialist,Surabaya,Employee Relations|Performance Management|Labor Law|Recruitment,Talent Management|Culture Building|HR Analytics,Talent Management: Seniority signal: >5 yrs HR tenure correlates with talent mgmt scope | Culture Building: Soft-skill inference: Onboarding + Employee Relations → culture exposure | HR Analytics: Adjacent skill: 89% of HR Specialists with HRIS also develop analytics,0.82,SAP+Workable,Active,No
MN-2024071,Teguh Hartono,Finance Officer,Bali,N/A,ERP Proficiency|Audit Preparation|Forecasting,ERP Proficiency: SAP Finance usage → generalizable ERP skill (domain transfer) | Audit Preparation: Tax Compliance + SAP Finance → audit readiness (61% co-occurrence) | Forecasting: SAP Finance + Tax Compliance → financial forecasting adjacent,0.52,SAP+Workable+Moodle,Ready for Reskilling,Yes
MN-2024072,Budi Gunawan,Branch Manager,Balikpapan,N/A,Workforce Planning|Change Management|Crisis Management,Workforce Planning: P&L Management + Team Leadership → planning responsibility at BM level | Change Management: Branch Manager + KPI Monitoring → change management scope inferred | Crisis Management: Stakeholder Management + Budgeting → crisis response expected,0.61,SAP+Workable+Moodle,Active,Yes
MN-2024073,Umi Haryono,Marketing Specialist,Medan,Campaign Management|Google Analytics|Digital Marketing|SEO/SEM|Social Media|Content Creation,A/B Testing|Market Research|Brand Strategy,A/B Testing: SEO/SEM + Google Analytics → A/B testing in 69% of digital mktg roles | Market Research: Social Media + Digital Marketing → market research exposure | Brand Strategy: Campaign Management + Content Creation → brand ownership scope,0.77,SAP+Workable,Active,No
MN-2024074,Ulfa Wibowo,HR Specialist,Bali,Labor Law|Payroll|Recruitment|Onboarding|Employee Relations|HRIS,HR Analytics|Culture Building|Training & Development,HR Analytics: Adjacent skill: 89% of HR Specialists with HRIS also develop analytics | Culture Building: Soft-skill inference: Onboarding + Employee Relations → culture exposure | Training & Development: HR with Onboarding + Performance data → T&D responsibility (81%),0.94,SAP+Workable+Moodle,Ready for Reskilling,No
MN-2024075,Kevin Haryono,Medical Advisor,Bandung,N/A,Presentation Skills|Product Launch,Presentation Skills: KOL Management → medical presentation exposure in 79% of cases | Product Launch: KOL Management + Regulatory Affairs → launch support role inferred,0.68,SAP+Workable,Ready for Reskilling,No
MN-2024076,Naomi Perdana,Regulatory Affairs Officer,Jakarta,Dossier Preparation|BPOM Regulation|Submission Management|Labeling Compliance|GCP|Audit Support,Risk Assessment|Change Control,Risk Assessment: Labeling Compliance + Audit Support → risk assessment scope | Change Control: Post-submission regulatory role typically involves change control,0.79,SAP+Workable+Moodle,Ready for Reskilling,No
MN-2024077,Monica Pranoto,Customer Service,Medan,N/A,Product Knowledge|Empathy|Retention Strategy,Product Knowledge: Role-cluster average: 73% of CS peers in same branch list this skill | Empathy: Customer Service role + Complaint Handling → empathy as core competency | Retention Strategy: Inferred from tenure >3 yrs + CRM skill — retention exposure likely,0.61,SAP+Workable+Moodle,Ready for Reskilling,Yes
MN-2024078,Johan Putra,Logistics Coordinator,Palembang,Route Optimization|Warehouse Management|Procurement,ERP SAP|3PL Management|Demand Planning,ERP SAP: SAP WM skill → broader SAP ERP exposure (same platform family) | 3PL Management: Supply Chain + SAP WM → 3PL coordination in 71% of logistics roles | Demand Planning: Route Optimization + Procurement → demand planning adjacent,0.81,SAP+Workable+Moodle,Ready for Reskilling,No
MN-2024079,Citra Haryono,HR Specialist,Medan,Employee Relations|Payroll|HRIS|Recruitment,Training & Development|Talent Management|Culture Building,Training & Development: HR with Onboarding + Performance data → T&D responsibility (81%) | Talent Management: Seniority signal: >5 yrs HR tenure correlates with talent mgmt scope | Culture Building: Soft-skill inference: Onboarding + Employee Relations → culture exposure,0.84,SAP+Workable+Moodle,High Potential,No
MN-2024080,Oki Lukman,Logistics Coordinator,Surabaya,Route Optimization|Vendor Management|SAP WM,3PL Management|Cold Chain Logistics|ERP SAP,3PL Management: Supply Chain + SAP WM → 3PL coordination in 71% of logistics roles | Cold Chain Logistics: Pharma logistics context → cold chain handling required for product type | ERP SAP: SAP WM skill → broader SAP ERP exposure (same platform family),0.81,SAP+Workable+Moodle,High Risk,Yes
MN-2024081,Gina Kusuma,Finance Officer,Jakarta,Financial Reporting|SAP Finance|Reconciliation|Cost Analysis|Tax Compliance|Accounting,Cash Flow Management|Forecasting,Cash Flow Management: Reconciliation + Accounting → cash flow mgmt in 83% of Finance Off. | Forecasting: SAP Finance + Tax Compliance → financial forecasting adjacent,0.83,SAP+Workable+Moodle,High Risk,Yes
MN-2024082,Haris Lukman,Branch Manager,Yogyakarta,P&L Management|Stakeholder Management|KPI Monitoring,Change Management|Workforce Planning,Change Management: Branch Manager + KPI Monitoring → change management scope inferred | Workforce Planning: P&L Management + Team Leadership → planning responsibility at BM level,0.85,SAP+Workable+Moodle,Active,No
MN-2024083,Chandra Effendi,IT Support,Medan,N/A,ITIL Framework|Scripting Basics|Cloud Support,ITIL Framework: IT Support with Active Directory → ITIL exposure in 74% of cases | Scripting Basics: Windows Server + Helpdesk → scripting basics common in IT support | Cloud Support: Cybersecurity + Networking → cloud support emerging skill (77%),0.67,SAP+Workable+Moodle,Active,No
MN-2024084,Ferry Kartono,Customer Service,Jakarta,N/A,Product Knowledge|Retention Strategy|Escalation Handling,Product Knowledge: Role-cluster average: 73% of CS peers in same branch list this skill | Retention Strategy: Inferred from tenure >3 yrs + CRM skill — retention exposure likely | Escalation Handling: Co-occurrence pattern: appears with Ticketing in 81% of CS profiles,0.5,SAP+Workable+Moodle,Active,Yes
MN-2024085,Nuri Saputra,Pharmacy Technician,Semarang,Patient Counseling|SAP Pharma|GMP Standards|Inventory Management|Drug Dispensing,Compounding|Medication Safety|Quality Control,Compounding: Pharmacy Tech with dispensing history → compounding likely (68%) | Medication Safety: GMP Standards + BPOM Compliance → safety protocol responsibility | Quality Control: GMP Standards skill → QC responsibility in 74% of pharma roles,0.93,SAP+Workable,High Potential,No
MN-2024086,Zahra Iskandar,Medical Advisor,Semarang,Pharmacovigilance|Clinical Knowledge|KOL Management,Presentation Skills|Data Analysis|Product Launch,Presentation Skills: KOL Management → medical presentation exposure in 79% of cases | Data Analysis: Medical Advisor + Pharmacovigilance → outcomes data analysis | Product Launch: KOL Management + Regulatory Affairs → launch support role inferred,0.97,SAP+Workable,Stable,No
MN-2024087,Sari Wibowo,Customer Service,Jakarta,N/A,Product Knowledge|Empathy,Product Knowledge: Role-cluster average: 73% of CS peers in same branch list this skill | Empathy: Customer Service role + Complaint Handling → empathy as core competency,0.56,SAP+Workable+Moodle,Active,Yes
MN-2024088,Haris Perdana,Branch Manager,Jakarta,Strategic Planning|Stakeholder Management|Team Leadership|Budgeting|KPI Monitoring,Workforce Planning|Coaching,Workforce Planning: P&L Management + Team Leadership → planning responsibility at BM level | Coaching: Team Leadership >3 yrs → coaching behavior emerges (HRBP research),0.81,SAP+Workable+Moodle,Active,No
MN-2024089,Arif Iskandar,Marketing Specialist,Palembang,Campaign Management|Google Analytics|Digital Marketing|SEO/SEM|Social Media|Content Creation,Brand Strategy|Email Marketing,Brand Strategy: Campaign Management + Content Creation → brand ownership scope | Email Marketing: Digital Marketing + Social Media → email as adjacent channel,0.87,SAP+Workable+Moodle,High Risk,Yes
MN-2024090,Murti Yulianto,IT Support,Jakarta,N/A,ITIL Framework|Scripting Basics,ITIL Framework: IT Support with Active Directory → ITIL exposure in 74% of cases | Scripting Basics: Windows Server + Helpdesk → scripting basics common in IT support,0.61,SAP+Workable+Moodle,High Potential,Yes
MN-2024091,Claudia Susanto,Sales Representative,Balikpapan,N/A,Customer Retention|Market Analysis,Customer Retention: SLA Management + Complaint Handling → retention pattern identified | Market Analysis: Territory Management + B2B Sales → market analysis exposure,0.6,SAP+Workable+Moodle,Active,Yes
MN-2024092,Ferry Effendi,Marketing Specialist,Bali,N/A,A/B Testing|Email Marketing,A/B Testing: SEO/SEM + Google Analytics → A/B testing in 69% of digital mktg roles | Email Marketing: Digital Marketing + Social Media → email as adjacent channel,0.73,SAP+Workable+Moodle,Stable,No
MN-2024093,Triana Handoko,Medical Advisor,Palembang,Regulatory Affairs|Pharmacovigilance|Medical Writing|KOL Management,Data Analysis|Presentation Skills|Scientific Communication,Data Analysis: Medical Advisor + Pharmacovigilance → outcomes data analysis | Presentation Skills: KOL Management → medical presentation exposure in 79% of cases | Scientific Communication: Pharmacovigilance + Medical Writing → sci-comm requirement,0.87,SAP+Workable,High Risk,Yes
MN-2024094,Yoga Halim,Warehouse Staff,Jakarta,Inventory Control|Safety Compliance|Barcode Scanning|FIFO Method|Stock Opname|Forklift Operation,RF Scanner|Team Coordination,RF Scanner: Standard WH skill: 79% of Forklift + Barcode staff also use RF Scanner | Team Coordination: Inferred from Warehouse Staff cluster + Safety Compliance skill,0.96,SAP+Workable+Moodle,Ready for Reskilling,No
MN-2024095,Vincent Santoso,Regulatory Affairs Officer,Jakarta,N/A,Risk Assessment|Change Control,Risk Assessment: Labeling Compliance + Audit Support → risk assessment scope | Change Control: Post-submission regulatory role typically involves change control,0.54,SAP+Workable+Moodle,Active,Yes
MN-2024096,Vero Basuki,Marketing Specialist,Jakarta,Digital Marketing|SEO/SEM|Google Analytics|Content Creation,Brand Strategy|A/B Testing|Email Marketing,Brand Strategy: Campaign Management + Content Creation → brand ownership scope | A/B Testing: SEO/SEM + Google Analytics → A/B testing in 69% of digital mktg roles | Email Marketing: Digital Marketing + Social Media → email as adjacent channel,0.82,SAP+Workable+Moodle,Active,No
MN-2024097,Vero Suprapto,Warehouse Staff,Bali,Safety Compliance|FIFO Method|Stock Opname,Team Coordination|Documentation,Team Coordination: Inferred from Warehouse Staff cluster + Safety Compliance skill | Documentation: Warehouse Staff + Safety Compliance → documentation requirement,0.77,SAP+Workable+Moodle,Ready for Reskilling,No
MN-2024098,Dita Mahendra,IT Support,Bandung,N/A,Cloud Support|Scripting Basics,Cloud Support: Cybersecurity + Networking → cloud support emerging skill (77%) | Scripting Basics: Windows Server + Helpdesk → scripting basics common in IT support,0.7,SAP+Workable+Moodle,High Potential,No
MN-2024099,Murti Effendi,Finance Officer,Bandung,Reconciliation|Financial Reporting|SAP Finance,Audit Preparation|ERP Proficiency|Forecasting,Audit Preparation: Tax Compliance + SAP Finance → audit readiness (61% co-occurrence) | ERP Proficiency: SAP Finance usage → generalizable ERP skill (domain transfer) | Forecasting: SAP Finance + Tax Compliance → financial forecasting adjacent,0.91,SAP+Workable,High Potential,No
MN-2024100,Gina Mulyono,Sales Representative,Semarang,Pipeline Management|Negotiation|B2B Sales|CRM|Account Management,Lead Generation|Upselling|Customer Retention,Lead Generation: CRM + Cold Calling → lead gen activity in 83% of sales profiles | Upselling: Account Management + Cross-selling → upselling scope (76% overlap) | Customer Retention: SLA Management + Complaint Handling → retention pattern identified,0.83,SAP+Workable+Moodle,Ready for Reskilling,No
MN-2024101,Kevin Handoko,Finance Officer,Palembang,Tax Compliance|Financial Reporting|SAP Finance,ERP Proficiency|Audit Preparation,ERP Proficiency: SAP Finance usage → generalizable ERP skill (domain transfer) | Audit Preparation: Tax Compliance + SAP Finance → audit readiness (61% co-occurrence),0.92,SAP+Workable+Moodle,Active,No
MN-2024102,Hafiz Pratama,Marketing Specialist,Bali,Campaign Management|SEO/SEM|Content Creation,Market Research|Email Marketing|Brand Strategy,Market Research: Social Media + Digital Marketing → market research exposure | Email Marketing: Digital Marketing + Social Media → email as adjacent channel | Brand Strategy: Campaign Management + Content Creation → brand ownership scope,0.95,SAP+Workable+Moodle,High Risk,Yes
MN-2024103,Eko Pratama,HR Specialist,Bandung,Labor Law|Payroll|Recruitment|Onboarding|HRIS|Performance Management,Talent Management|Culture Building,Talent Management: Seniority signal: >5 yrs HR tenure correlates with talent mgmt scope | Culture Building: Soft-skill inference: Onboarding + Employee Relations → culture exposure,0.96,SAP+Workable,Active,No
MN-2024104,Ulfa Firmansyah,IT Support,Surabaya,N/A,Scripting Basics|ITIL Framework,Scripting Basics: Windows Server + Helpdesk → scripting basics common in IT support | ITIL Framework: IT Support with Active Directory → ITIL exposure in 74% of cases,0.72,SAP+Workable+Moodle,Active,No
MN-2024105,Oscar Handoko,Logistics Coordinator,Medan,Supply Chain|Route Optimization|Warehouse Management|SAP WM,3PL Management|Cold Chain Logistics|Demand Planning,3PL Management: Supply Chain + SAP WM → 3PL coordination in 71% of logistics roles | Cold Chain Logistics: Pharma logistics context → cold chain handling required for product type | Demand Planning: Route Optimization + Procurement → demand planning adjacent,0.92,SAP+Workable+Moodle,Active,No
MN-2024106,Ika Rachman,HR Specialist,Yogyakarta,N/A,Training & Development|Culture Building,Training & Development: HR with Onboarding + Performance data → T&D responsibility (81%) | Culture Building: Soft-skill inference: Onboarding + Employee Relations → culture exposure,0.69,SAP+Workable+Moodle,High Risk,Yes
MN-2024107,Galih Wahyudi,Medical Advisor,Jakarta,Regulatory Affairs|Pharmacovigilance|Medical Writing|Clinical Knowledge,Data Analysis|Scientific Communication|Product Launch,Data Analysis: Medical Advisor + Pharmacovigilance → outcomes data analysis | Scientific Communication: Pharmacovigilance + Medical Writing → sci-comm requirement | Product Launch: KOL Management + Regulatory Affairs → launch support role inferred,0.88,SAP+Workable+Moodle,High Potential,No
MN-2024108,Rendi Handoko,Branch Manager,Bandung,P&L Management|Stakeholder Management|Team Leadership|Budgeting|KPI Monitoring,Crisis Management|Coaching|Change Management,Crisis Management: Stakeholder Management + Budgeting → crisis response expected | Coaching: Team Leadership >3 yrs → coaching behavior emerges (HRBP research) | Change Management: Branch Manager + KPI Monitoring → change management scope inferred,0.89,SAP+Workable+Moodle,Ready for Reskilling,No
MN-2024109,Murti Kurniawan,Regulatory Affairs Officer,Jakarta,N/A,Risk Assessment|Change Control,Risk Assessment: Labeling Compliance + Audit Support → risk assessment scope | Change Control: Post-submission regulatory role typically involves change control,0.65,SAP+Workable+Moodle,Ready for Reskilling,No
MN-2024110,Kartika Perdana,Branch Manager,Medan,N/A,Crisis Management|Coaching,Crisis Management: Stakeholder Management + Budgeting → crisis response expected | Coaching: Team Leadership >3 yrs → coaching behavior emerges (HRBP research),0.51,SAP+Workable+Moodle,Active,Yes
MN-2024111,Chandra Susanto,Logistics Coordinator,Semarang,Route Optimization|Vendor Management|Procurement|SAP WM|Supply Chain|Warehouse Management,ERP SAP|Cold Chain Logistics|3PL Management,ERP SAP: SAP WM skill → broader SAP ERP exposure (same platform family) | Cold Chain Logistics: Pharma logistics context → cold chain handling required for product type | 3PL Management: Supply Chain + SAP WM → 3PL coordination in 71% of logistics roles,0.76,SAP+Workable+Moodle,High Risk,Yes
MN-2024112,Rani Hartono,HR Specialist,Semarang,Employee Relations|Labor Law|Payroll,HR Analytics|Culture Building|Talent Management,HR Analytics: Adjacent skill: 89% of HR Specialists with HRIS also develop analytics | Culture Building: Soft-skill inference: Onboarding + Employee Relations → culture exposure | Talent Management: Seniority signal: >5 yrs HR tenure correlates with talent mgmt scope,0.76,SAP+Workable+Moodle,Active,No
MN-2024113,Umi Rahayu,Sales Representative,Bandung,Pipeline Management|Negotiation|Cold Calling|B2B Sales|CRM,Market Analysis|Customer Retention|Lead Generation,Market Analysis: Territory Management + B2B Sales → market analysis exposure | Customer Retention: SLA Management + Complaint Handling → retention pattern identified | Lead Generation: CRM + Cold Calling → lead gen activity in 83% of sales profiles,0.8,SAP+Workable,High Potential,No
MN-2024114,Toni Purnomo,IT Support,Medan,Windows Server|Cybersecurity Basics|Troubleshooting|Helpdesk,ITIL Framework|Scripting Basics|Cloud Support,ITIL Framework: IT Support with Active Directory → ITIL exposure in 74% of cases | Scripting Basics: Windows Server + Helpdesk → scripting basics common in IT support | Cloud Support: Cybersecurity + Networking → cloud support emerging skill (77%),0.79,SAP+Workable,Ready for Reskilling,No
MN-2024115,Made Kusuma,IT Support,Semarang,Networking|Windows Server|Cybersecurity Basics|Active Directory,Cloud Support|Scripting Basics,Cloud Support: Cybersecurity + Networking → cloud support emerging skill (77%) | Scripting Basics: Windows Server + Helpdesk → scripting basics common in IT support,0.8,SAP+Workable,High Potential,No
MN-2024116,Priya Riyadi,Medical Advisor,Semarang,Pharmacovigilance|KOL Management|Regulatory Affairs|Medical Writing|Clinical Trials,Data Analysis|Product Launch|Scientific Communication,Data Analysis: Medical Advisor + Pharmacovigilance → outcomes data analysis | Product Launch: KOL Management + Regulatory Affairs → launch support role inferred | Scientific Communication: Pharmacovigilance + Medical Writing → sci-comm requirement,0.89,SAP+Workable+Moodle,High Potential,No
MN-2024117,Zulfa Suryadi,Regulatory Affairs Officer,Balikpapan,N/A,SOP Writing|Regulatory Intelligence|Change Control,SOP Writing: RA Officers with GCP certified show 77% SOP writing activity | Regulatory Intelligence: Adjacent to Dossier Prep + BPOM Regulation (domain cluster) | Change Control: Post-submission regulatory role typically involves change control,0.69,SAP+Workable+Moodle,High Potential,No
MN-2024118,Karina Cahyono,Logistics Coordinator,Palembang,Route Optimization|Procurement|Vendor Management|SAP WM,ERP SAP|Cold Chain Logistics|3PL Management,ERP SAP: SAP WM skill → broader SAP ERP exposure (same platform family) | Cold Chain Logistics: Pharma logistics context → cold chain handling required for product type | 3PL Management: Supply Chain + SAP WM → 3PL coordination in 71% of logistics roles,0.93,SAP+Workable+Moodle,Ready for Reskilling,No
MN-2024119,Wahyu Nasution,Medical Advisor,Yogyakarta,N/A,Data Analysis|Product Launch,Data Analysis: Medical Advisor + Pharmacovigilance → outcomes data analysis | Product Launch: KOL Management + Regulatory Affairs → launch support role inferred,0.57,SAP+Workable,High Potential,Yes
MN-2024120,Widi Effendi,Pharmacy Technician,Bali,Patient Counseling|SAP Pharma|GMP Standards|BPOM Compliance|Inventory Management|Drug Dispensing,Drug Interaction|Medication Safety,Drug Interaction: Pharmacy role + Dispensing → drug interaction review expected | Medication Safety: GMP Standards + BPOM Compliance → safety protocol responsibility,0.86,SAP+Workable+Moodle,Ready for Reskilling,No
MN-2024121,Bagas Lukman,Logistics Coordinator,Palembang,N/A,Demand Planning|Cold Chain Logistics,Demand Planning: Route Optimization + Procurement → demand planning adjacent | Cold Chain Logistics: Pharma logistics context → cold chain handling required for product type,0.52,SAP+Workable,Ready for Reskilling,Yes
MN-2024122,Putri Purnomo,Branch Manager,Surabaya,N/A,Coaching|Workforce Planning,Coaching: Team Leadership >3 yrs → coaching behavior emerges (HRBP research) | Workforce Planning: P&L Management + Team Leadership → planning responsibility at BM level,0.68,SAP+Workable+Moodle,High Risk,Yes
MN-2024123,Priya Gunawan,Marketing Specialist,Makassar,Campaign Management|Digital Marketing|SEO/SEM|Social Media,Market Research|A/B Testing,Market Research: Social Media + Digital Marketing → market research exposure | A/B Testing: SEO/SEM + Google Analytics → A/B testing in 69% of digital mktg roles,0.85,SAP+Workable+Moodle,Active,No
MN-2024124,Galih Riyadi,Logistics Coordinator,Bandung,Route Optimization|Procurement|SAP WM,Cold Chain Logistics|Demand Planning|ERP SAP,Cold Chain Logistics: Pharma logistics context → cold chain handling required for product type | Demand Planning: Route Optimization + Procurement → demand planning adjacent | ERP SAP: SAP WM skill → broader SAP ERP exposure (same platform family),0.77,SAP+Workable+Moodle,High Risk,Yes
MN-2024125,Nuri Halim,Regulatory Affairs Officer,Bali,Dossier Preparation|Submission Management|Audit Support|GCP,Regulatory Intelligence|Risk Assessment|Change Control,Regulatory Intelligence: Adjacent to Dossier Prep + BPOM Regulation (domain cluster) | Risk Assessment: Labeling Compliance + Audit Support → risk assessment scope | Change Control: Post-submission regulatory role typically involves change control,0.78,SAP+Workable,Active,No
MN-2024126,Kiki Bachtiar,Branch Manager,Semarang,N/A,Crisis Management|Change Management,Crisis Management: Stakeholder Management + Budgeting → crisis response expected | Change Management: Branch Manager + KPI Monitoring → change management scope inferred,0.55,SAP+Workable,Stable,Yes
MN-2024127,Lestari Handoko,Sales Representative,Jakarta,N/A,Customer Retention|Upselling,Customer Retention: SLA Management + Complaint Handling → retention pattern identified | Upselling: Account Management + Cross-selling → upselling scope (76% overlap),0.53,SAP+Workable+Moodle,High Potential,Yes
MN-2024128,Kiki Panjaitan,IT Support,Bali,N/A,ITIL Framework|Scripting Basics,ITIL Framework: IT Support with Active Directory → ITIL exposure in 74% of cases | Scripting Basics: Windows Server + Helpdesk → scripting basics common in IT support,0.65,SAP+Workable+Moodle,High Potential,No
MN-2024129,Surya Budiman,HR Specialist,Yogyakarta,N/A,Talent Management|Training & Development,Talent Management: Seniority signal: >5 yrs HR tenure correlates with talent mgmt scope | Training & Development: HR with Onboarding + Performance data → T&D responsibility (81%),0.74,SAP+Workable+Moodle,Stable,No
MN-2024130,Gina Saputra,Sales Representative,Bandung,Negotiation|B2B Sales|Territory Management|Salesforce|CRM,Market Analysis|Lead Generation|Customer Retention,Market Analysis: Territory Management + B2B Sales → market analysis exposure | Lead Generation: CRM + Cold Calling → lead gen activity in 83% of sales profiles | Customer Retention: SLA Management + Complaint Handling → retention pattern identified,0.89,SAP+Workable+Moodle,High Potential,No
MN-2024131,Prita Handoko,Marketing Specialist,Bali,Digital Marketing|SEO/SEM|Content Creation,Email Marketing|Brand Strategy|Market Research,Email Marketing: Digital Marketing + Social Media → email as adjacent channel | Brand Strategy: Campaign Management + Content Creation → brand ownership scope | Market Research: Social Media + Digital Marketing → market research exposure,0.82,SAP+Workable+Moodle,Active,No
MN-2024132,Siti Kartono,Marketing Specialist,Bali,N/A,Email Marketing|Market Research,Email Marketing: Digital Marketing + Social Media → email as adjacent channel | Market Research: Social Media + Digital Marketing → market research exposure,0.59,SAP+Workable+Moodle,Active,Yes
MN-2024133,Oscar Kartono,Regulatory Affairs Officer,Bandung,Dossier Preparation|Submission Management|GCP,SOP Writing|Regulatory Intelligence|Risk Assessment,SOP Writing: RA Officers with GCP certified show 77% SOP writing activity | Regulatory Intelligence: Adjacent to Dossier Prep + BPOM Regulation (domain cluster) | Risk Assessment: Labeling Compliance + Audit Support → risk assessment scope,0.76,SAP+Workable,Ready for Reskilling,No
MN-2024134,Shinta Usman,Medical Advisor,Yogyakarta,Regulatory Affairs|Clinical Knowledge|Clinical Trials,Presentation Skills|Data Analysis|Scientific Communication,Presentation Skills: KOL Management → medical presentation exposure in 79% of cases | Data Analysis: Medical Advisor + Pharmacovigilance → outcomes data analysis | Scientific Communication: Pharmacovigilance + Medical Writing → sci-comm requirement,0.95,SAP+Workable+Moodle,Ready for Reskilling,No
MN-2024135,Fitri Osman,Regulatory Affairs Officer,Bandung,Dossier Preparation|BPOM Regulation|Submission Management|Labeling Compliance|GCP,Regulatory Intelligence|Risk Assessment,Regulatory Intelligence: Adjacent to Dossier Prep + BPOM Regulation (domain cluster) | Risk Assessment: Labeling Compliance + Audit Support → risk assessment scope,0.89,SAP+Workable+Moodle,High Potential,No
MN-2024136,Johan Mahendra,IT Support,Yogyakarta,N/A,Asset Management|Scripting Basics|Cloud Support,Asset Management: IT Support + Active Directory → asset management scope inferred | Scripting Basics: Windows Server + Helpdesk → scripting basics common in IT support | Cloud Support: Cybersecurity + Networking → cloud support emerging skill (77%),0.53,SAP+Workable+Moodle,High Potential,Yes
MN-2024137,Vero Kurniawan,Marketing Specialist,Palembang,Campaign Management|Google Analytics|Digital Marketing|SEO/SEM|Social Media|Content Creation,Market Research|Email Marketing,Market Research: Social Media + Digital Marketing → market research exposure | Email Marketing: Digital Marketing + Social Media → email as adjacent channel,0.76,SAP+Workable+Moodle,High Risk,Yes
MN-2024138,Eko Riyadi,Warehouse Staff,Medan,Inventory Control|Safety Compliance|Barcode Scanning|FIFO Method|Stock Opname|Forklift Operation,RF Scanner|Team Coordination|Cycle Count,RF Scanner: Standard WH skill: 79% of Forklift + Barcode staff also use RF Scanner | Team Coordination: Inferred from Warehouse Staff cluster + Safety Compliance skill | Cycle Count: FIFO + Stock Opname → cycle count implied in 84% of warehouse roles,0.89,SAP+Workable+Moodle,High Potential,No
MN-2024139,Karina Firmansyah,Warehouse Staff,Yogyakarta,Inventory Control|Safety Compliance|Barcode Scanning|FIFO Method|Stock Opname|Forklift Operation,Documentation|Cycle Count|RF Scanner,Documentation: Warehouse Staff + Safety Compliance → documentation requirement | Cycle Count: FIFO + Stock Opname → cycle count implied in 84% of warehouse roles | RF Scanner: Standard WH skill: 79% of Forklift + Barcode staff also use RF Scanner,0.9,SAP+Workable,Ready for Reskilling,No
MN-2024140,Vina Rachman,IT Support,Jakarta,Cybersecurity Basics|Troubleshooting|Networking|Active Directory|Helpdesk,Scripting Basics|ITIL Framework,Scripting Basics: Windows Server + Helpdesk → scripting basics common in IT support | ITIL Framework: IT Support with Active Directory → ITIL exposure in 74% of cases,0.78,SAP+Workable+Moodle,High Risk,Yes
MN-2024141,Agus Maulana,Marketing Specialist,Yogyakarta,N/A,Market Research|Brand Strategy,Market Research: Social Media + Digital Marketing → market research exposure | Brand Strategy: Campaign Management + Content Creation → brand ownership scope,0.55,SAP+Workable+Moodle,Active,Yes
MN-2024142,Fajar Tambunan,Finance Officer,Yogyakarta,N/A,ERP Proficiency|Forecasting|Cash Flow Management,ERP Proficiency: SAP Finance usage → generalizable ERP skill (domain transfer) | Forecasting: SAP Finance + Tax Compliance → financial forecasting adjacent | Cash Flow Management: Reconciliation + Accounting → cash flow mgmt in 83% of Finance Off.,0.52,SAP+Workable+Moodle,Ready for Reskilling,Yes
MN-2024143,Galih Susanto,Logistics Coordinator,Semarang,Route Optimization|Vendor Management|Procurement|Supply Chain|Warehouse Management,3PL Management|ERP SAP,3PL Management: Supply Chain + SAP WM → 3PL coordination in 71% of logistics roles | ERP SAP: SAP WM skill → broader SAP ERP exposure (same platform family),0.83,SAP+Workable,Stable,No
MN-2024144,Gita Pratama,Regulatory Affairs Officer,Makassar,N/A,Change Control|SOP Writing|Risk Assessment,Change Control: Post-submission regulatory role typically involves change control | SOP Writing: RA Officers with GCP certified show 77% SOP writing activity | Risk Assessment: Labeling Compliance + Audit Support → risk assessment scope,0.63,SAP+Workable,High Risk,Yes
MN-2024145,Hani Suprapto,Pharmacy Technician,Palembang,Inventory Management|Drug Dispensing|GMP Standards,Drug Interaction|Quality Control|Medication Safety,Drug Interaction: Pharmacy role + Dispensing → drug interaction review expected | Quality Control: GMP Standards skill → QC responsibility in 74% of pharma roles | Medication Safety: GMP Standards + BPOM Compliance → safety protocol responsibility,0.88,SAP+Workable+Moodle,High Risk,Yes
MN-2024146,Wahyu Lestari,Customer Service,Jakarta,N/A,Empathy|Product Knowledge,Empathy: Customer Service role + Complaint Handling → empathy as core competency | Product Knowledge: Role-cluster average: 73% of CS peers in same branch list this skill,0.56,SAP+Workable+Moodle,Active,Yes
MN-2024147,Jefri Santoso,Warehouse Staff,Makassar,N/A,Documentation|RF Scanner|Cycle Count,Documentation: Warehouse Staff + Safety Compliance → documentation requirement | RF Scanner: Standard WH skill: 79% of Forklift + Barcode staff also use RF Scanner | Cycle Count: FIFO + Stock Opname → cycle count implied in 84% of warehouse roles,0.63,SAP+Workable+Moodle,High Risk,Yes
MN-2024148,Dewi Wahyudi,Branch Manager,Medan,N/A,Change Management|Crisis Management|Workforce Planning,Change Management: Branch Manager + KPI Monitoring → change management scope inferred | Crisis Management: Stakeholder Management + Budgeting → crisis response expected | Workforce Planning: P&L Management + Team Leadership → planning responsibility at BM level,0.55,SAP+Workable,Ready for Reskilling,Yes
MN-2024149,Andri Effendi,Regulatory Affairs Officer,Jakarta,Dossier Preparation|BPOM Regulation|Labeling Compliance,Risk Assessment|Regulatory Intelligence|SOP Writing,Risk Assessment: Labeling Compliance + Audit Support → risk assessment scope | Regulatory Intelligence: Adjacent to Dossier Prep + BPOM Regulation (domain cluster) | SOP Writing: RA Officers with GCP certified show 77% SOP writing activity,0.95,SAP+Workable+Moodle,Active,No
MN-2024150,Ika Iskandar,Branch Manager,Jakarta,N/A,Change Management|Workforce Planning|Crisis Management,Change Management: Branch Manager + KPI Monitoring → change management scope inferred | Workforce Planning: P&L Management + Team Leadership → planning responsibility at BM level | Crisis Management: Stakeholder Management + Budgeting → crisis response expected,0.57,SAP+Workable+Moodle,High Potential,Yes
MN-2024151,Gina Maulana,Warehouse Staff,Makassar,N/A,Team Coordination|RF Scanner,Team Coordination: Inferred from Warehouse Staff cluster + Safety Compliance skill | RF Scanner: Standard WH skill: 79% of Forklift + Barcode staff also use RF Scanner,0.65,SAP+Workable+Moodle,High Potential,No
MN-2024152,Vina Santoso,Sales Representative,Bandung,Pipeline Management|Negotiation|B2B Sales|Salesforce|CRM,Upselling|Customer Retention|Market Analysis,Upselling: Account Management + Cross-selling → upselling scope (76% overlap) | Customer Retention: SLA Management + Complaint Handling → retention pattern identified | Market Analysis: Territory Management + B2B Sales → market analysis exposure,0.78,SAP+Workable+Moodle,Ready for Reskilling,No
MN-2024153,Eko Santosa,IT Support,Semarang,Windows Server|Cybersecurity Basics|Troubleshooting|Networking|Active Directory,ITIL Framework|Scripting Basics,ITIL Framework: IT Support with Active Directory → ITIL exposure in 74% of cases | Scripting Basics: Windows Server + Helpdesk → scripting basics common in IT support,0.85,SAP+Workable,Active,No
MN-2024154,Lina Suharto,Finance Officer,Semarang,N/A,Cash Flow Management|ERP Proficiency|Audit Preparation,Cash Flow Management: Reconciliation + Accounting → cash flow mgmt in 83% of Finance Off. | ERP Proficiency: SAP Finance usage → generalizable ERP skill (domain transfer) | Audit Preparation: Tax Compliance + SAP Finance → audit readiness (61% co-occurrence),0.65,SAP+Workable+Moodle,High Risk,Yes
MN-2024155,Hafiz Firmansyah,Sales Representative,Yogyakarta,N/A,Market Analysis|Upselling,Market Analysis: Territory Management + B2B Sales → market analysis exposure | Upselling: Account Management + Cross-selling → upselling scope (76% overlap),0.52,SAP+Workable+Moodle,Ready for Reskilling,Yes
MN-2024156,Jefri Setiawan,Warehouse Staff,Jakarta,Forklift Operation|Barcode Scanning|FIFO Method,Cycle Count|Documentation,Cycle Count: FIFO + Stock Opname → cycle count implied in 84% of warehouse roles | Documentation: Warehouse Staff + Safety Compliance → documentation requirement,0.92,SAP+Workable+Moodle,Ready for Reskilling,No
MN-2024157,Karina Hidayat,Branch Manager,Bali,Strategic Planning|P&L Management|Stakeholder Management|Team Leadership|Budgeting|KPI Monitoring,Coaching|Crisis Management,Coaching: Team Leadership >3 yrs → coaching behavior emerges (HRBP research) | Crisis Management: Stakeholder Management + Budgeting → crisis response expected,0.92,SAP+Workable+Moodle,Ready for Reskilling,No
MN-2024158,Teguh Handoko,HR Specialist,Semarang,N/A,HR Analytics|Culture Building|Training & Development,HR Analytics: Adjacent skill: 89% of HR Specialists with HRIS also develop analytics | Culture Building: Soft-skill inference: Onboarding + Employee Relations → culture exposure | Training & Development: HR with Onboarding + Performance data → T&D responsibility (81%),0.65,SAP+Workable,Active,No
MN-2024159,Ferry Basuki,Regulatory Affairs Officer,Yogyakarta,N/A,Regulatory Intelligence|Risk Assessment,Regulatory Intelligence: Adjacent to Dossier Prep + BPOM Regulation (domain cluster) | Risk Assessment: Labeling Compliance + Audit Support → risk assessment scope,0.72,SAP+Workable+Moodle,Ready for Reskilling,No
MN-2024160,Nuri Usman,HR Specialist,Yogyakarta,Labor Law|Payroll|Onboarding|Employee Relations|HRIS|Performance Management,Culture Building|Training & Development,Culture Building: Soft-skill inference: Onboarding + Employee Relations → culture exposure | Training & Development: HR with Onboarding + Performance data → T&D responsibility (81%),0.98,SAP+Workable+Moodle,Active,No
MN-2024161,Citra Susanto,Sales Representative,Yogyakarta,N/A,Market Analysis|Upselling|Lead Generation,Market Analysis: Territory Management + B2B Sales → market analysis exposure | Upselling: Account Management + Cross-selling → upselling scope (76% overlap) | Lead Generation: CRM + Cold Calling → lead gen activity in 83% of sales profiles,0.73,SAP+Workable+Moodle,High Risk,Yes
MN-2024162,Panji Haryono,Customer Service,Balikpapan,N/A,Retention Strategy|Product Knowledge,Retention Strategy: Inferred from tenure >3 yrs + CRM skill — retention exposure likely | Product Knowledge: Role-cluster average: 73% of CS peers in same branch list this skill,0.65,SAP+Workable+Moodle,High Risk,Yes
MN-2024163,Zahra Mahendra,Pharmacy Technician,Jakarta,Patient Counseling|SAP Pharma|GMP Standards|BPOM Compliance,Compounding|Drug Interaction|Medication Safety,Compounding: Pharmacy Tech with dispensing history → compounding likely (68%) | Drug Interaction: Pharmacy role + Dispensing → drug interaction review expected | Medication Safety: GMP Standards + BPOM Compliance → safety protocol responsibility,0.95,SAP+Workable+Moodle,Active,No
MN-2024164,Yuni Suprapto,Regulatory Affairs Officer,Semarang,Dossier Preparation|BPOM Regulation|Submission Management|Labeling Compliance|GCP|Audit Support,Regulatory Intelligence|Risk Assessment|SOP Writing,Regulatory Intelligence: Adjacent to Dossier Prep + BPOM Regulation (domain cluster) | Risk Assessment: Labeling Compliance + Audit Support → risk assessment scope | SOP Writing: RA Officers with GCP certified show 77% SOP writing activity,0.76,SAP+Workable+Moodle,Ready for Reskilling,No
MN-2024165,Umi Santosa,Regulatory Affairs Officer,Jakarta,N/A,Risk Assessment|SOP Writing|Change Control,Risk Assessment: Labeling Compliance + Audit Support → risk assessment scope | SOP Writing: RA Officers with GCP certified show 77% SOP writing activity | Change Control: Post-submission regulatory role typically involves change control,0.71,SAP+Workable+Moodle,Stable,No
MN-2024166,Kartika Halim,Finance Officer,Semarang,Tax Compliance|Reconciliation|Cost Analysis,Forecasting|Cash Flow Management,Forecasting: SAP Finance + Tax Compliance → financial forecasting adjacent | Cash Flow Management: Reconciliation + Accounting → cash flow mgmt in 83% of Finance Off.,0.97,SAP+Workable+Moodle,High Risk,Yes
MN-2024167,Wulan Firmansyah,Marketing Specialist,Medan,Campaign Management|Digital Marketing|Social Media,Brand Strategy|Market Research|Email Marketing,Brand Strategy: Campaign Management + Content Creation → brand ownership scope | Market Research: Social Media + Digital Marketing → market research exposure | Email Marketing: Digital Marketing + Social Media → email as adjacent channel,0.77,SAP+Workable,Ready for Reskilling,No
MN-2024168,Elsa Gunawan,Regulatory Affairs Officer,Medan,N/A,Regulatory Intelligence|Risk Assessment|SOP Writing,Regulatory Intelligence: Adjacent to Dossier Prep + BPOM Regulation (domain cluster) | Risk Assessment: Labeling Compliance + Audit Support → risk assessment scope | SOP Writing: RA Officers with GCP certified show 77% SOP writing activity,0.56,SAP+Workable+Moodle,High Potential,Yes
MN-2024169,Juwita Mulyono,Warehouse Staff,Makassar,Inventory Control|Safety Compliance|Barcode Scanning|Stock Opname|Forklift Operation,RF Scanner|Documentation,RF Scanner: Standard WH skill: 79% of Forklift + Barcode staff also use RF Scanner | Documentation: Warehouse Staff + Safety Compliance → documentation requirement,0.95,SAP+Workable+Moodle,Ready for Reskilling,No
MN-2024170,Bagas Nugroho,Customer Service,Surabaya,N/A,Retention Strategy|Empathy|Escalation Handling,Retention Strategy: Inferred from tenure >3 yrs + CRM skill — retention exposure likely | Empathy: Customer Service role + Complaint Handling → empathy as core competency | Escalation Handling: Co-occurrence pattern: appears with Ticketing in 81% of CS profiles,0.63,SAP+Workable,High Risk,Yes
MN-2024171,Dewi Kusuma,IT Support,Surabaya,Windows Server|Cybersecurity Basics|Networking|Active Directory|Helpdesk,ITIL Framework|Cloud Support|Asset Management,ITIL Framework: IT Support with Active Directory → ITIL exposure in 74% of cases | Cloud Support: Cybersecurity + Networking → cloud support emerging skill (77%) | Asset Management: IT Support + Active Directory → asset management scope inferred,0.91,SAP+Workable+Moodle,Ready for Reskilling,No
MN-2024172,Ika Mulyono,Marketing Specialist,Makassar,N/A,Market Research|A/B Testing,Market Research: Social Media + Digital Marketing → market research exposure | A/B Testing: SEO/SEM + Google Analytics → A/B testing in 69% of digital mktg roles,0.61,SAP+Workable,Active,Yes
MN-2024173,Hendra Kurniawan,Logistics Coordinator,Semarang,Vendor Management|Procurement|SAP WM|Supply Chain|Warehouse Management,3PL Management|Cold Chain Logistics|ERP SAP,3PL Management: Supply Chain + SAP WM → 3PL coordination in 71% of logistics roles | Cold Chain Logistics: Pharma logistics context → cold chain handling required for product type | ERP SAP: SAP WM skill → broader SAP ERP exposure (same platform family),0.93,SAP+Workable+Moodle,Stable,No
MN-2024174,Andri Junaedi,Branch Manager,Jakarta,Strategic Planning|P&L Management|Stakeholder Management|Team Leadership|Budgeting|KPI Monitoring,Coaching|Change Management|Workforce Planning,Coaching: Team Leadership >3 yrs → coaching behavior emerges (HRBP research) | Change Management: Branch Manager + KPI Monitoring → change management scope inferred | Workforce Planning: P&L Management + Team Leadership → planning responsibility at BM level,0.86,SAP+Workable,Stable,No
MN-2024175,Juwita Santoso,Customer Service,Medan,Cross-selling|Ticketing|SLA Management|Complaint Handling|CRM,Retention Strategy|Product Knowledge|Escalation Handling,Retention Strategy: Inferred from tenure >3 yrs + CRM skill — retention exposure likely | Product Knowledge: Role-cluster average: 73% of CS peers in same branch list this skill | Escalation Handling: Co-occurrence pattern: appears with Ticketing in 81% of CS profiles,0.91,SAP+Workable+Moodle,High Potential,No
MN-2024176,Wulan Kartono,Logistics Coordinator,Bandung,Route Optimization|Vendor Management|Procurement|SAP WM|Supply Chain|Warehouse Management,3PL Management|Cold Chain Logistics|Demand Planning,3PL Management: Supply Chain + SAP WM → 3PL coordination in 71% of logistics roles | Cold Chain Logistics: Pharma logistics context → cold chain handling required for product type | Demand Planning: Route Optimization + Procurement → demand planning adjacent,0.88,SAP+Workable+Moodle,Active,No
MN-2024177,Arif Rahayu,Sales Representative,Semarang,N/A,Customer Retention|Upselling,Customer Retention: SLA Management + Complaint Handling → retention pattern identified | Upselling: Account Management + Cross-selling → upselling scope (76% overlap),0.71,SAP+Workable+Moodle,Active,No
MN-2024178,Yanuar Riyadi,Logistics Coordinator,Medan,Supply Chain|Procurement|SAP WM,Cold Chain Logistics|Demand Planning|ERP SAP,Cold Chain Logistics: Pharma logistics context → cold chain handling required for product type | Demand Planning: Route Optimization + Procurement → demand planning adjacent | ERP SAP: SAP WM skill → broader SAP ERP exposure (same platform family),0.85,SAP+Workable+Moodle,Active,No
MN-2024179,Rama Gunawan,Medical Advisor,Bandung,Clinical Trials|Pharmacovigilance|KOL Management,Data Analysis|Scientific Communication|Product Launch,Data Analysis: Medical Advisor + Pharmacovigilance → outcomes data analysis | Scientific Communication: Pharmacovigilance + Medical Writing → sci-comm requirement | Product Launch: KOL Management + Regulatory Affairs → launch support role inferred,0.93,SAP+Workable+Moodle,Active,No
MN-2024180,Citra Wibowo,Warehouse Staff,Jakarta,Inventory Control|Safety Compliance|Barcode Scanning|FIFO Method|Stock Opname|Forklift Operation,Team Coordination|RF Scanner,Team Coordination: Inferred from Warehouse Staff cluster + Safety Compliance skill | RF Scanner: Standard WH skill: 79% of Forklift + Barcode staff also use RF Scanner,0.83,SAP+Workable+Moodle,Stable,No
MN-2024181,Dewi Osman,Medical Advisor,Jakarta,N/A,Data Analysis|Presentation Skills,Data Analysis: Medical Advisor + Pharmacovigilance → outcomes data analysis | Presentation Skills: KOL Management → medical presentation exposure in 79% of cases,0.52,SAP+Workable+Moodle,Stable,Yes
MN-2024182,Udin Cahyono,Finance Officer,Yogyakarta,N/A,Cash Flow Management|Forecasting,Cash Flow Management: Reconciliation + Accounting → cash flow mgmt in 83% of Finance Off. | Forecasting: SAP Finance + Tax Compliance → financial forecasting adjacent,0.71,SAP+Workable+Moodle,High Risk,Yes
MN-2024183,Claudia Wijaya,Medical Advisor,Medan,Regulatory Affairs|Pharmacovigilance|Clinical Knowledge|Clinical Trials,Data Analysis|Presentation Skills,Data Analysis: Medical Advisor + Pharmacovigilance → outcomes data analysis | Presentation Skills: KOL Management → medical presentation exposure in 79% of cases,0.9,SAP+Workable+Moodle,Ready for Reskilling,No
MN-2024184,Surya Riyadi,Warehouse Staff,Medan,N/A,Documentation|RF Scanner|Team Coordination,Documentation: Warehouse Staff + Safety Compliance → documentation requirement | RF Scanner: Standard WH skill: 79% of Forklift + Barcode staff also use RF Scanner | Team Coordination: Inferred from Warehouse Staff cluster + Safety Compliance skill,0.66,SAP+Workable+Moodle,Active,No
MN-2024185,Yoga Purnomo,Branch Manager,Jakarta,N/A,Change Management|Workforce Planning,Change Management: Branch Manager + KPI Monitoring → change management scope inferred | Workforce Planning: P&L Management + Team Leadership → planning responsibility at BM level,0.64,SAP+Workable+Moodle,High Potential,Yes
MN-2024186,Agus Wijaya,Logistics Coordinator,Surabaya,Route Optimization|Vendor Management|Procurement|SAP WM|Supply Chain|Warehouse Management,3PL Management|Demand Planning,3PL Management: Supply Chain + SAP WM → 3PL coordination in 71% of logistics roles | Demand Planning: Route Optimization + Procurement → demand planning adjacent,0.76,SAP+Workable+Moodle,Active,No
MN-2024187,Erwin Firmansyah,Pharmacy Technician,Palembang,N/A,Medication Safety|Quality Control,Medication Safety: GMP Standards + BPOM Compliance → safety protocol responsibility | Quality Control: GMP Standards skill → QC responsibility in 74% of pharma roles,0.66,SAP+Workable+Moodle,Active,No
MN-2024188,Lukman Iskandar,Marketing Specialist,Balikpapan,Campaign Management|Google Analytics|Digital Marketing|SEO/SEM|Social Media|Content Creation,Email Marketing|A/B Testing,Email Marketing: Digital Marketing + Social Media → email as adjacent channel | A/B Testing: SEO/SEM + Google Analytics → A/B testing in 69% of digital mktg roles,0.95,SAP+Workable+Moodle,Active,No
MN-2024189,Priya Santoso,Finance Officer,Yogyakarta,N/A,ERP Proficiency|Forecasting|Audit Preparation,ERP Proficiency: SAP Finance usage → generalizable ERP skill (domain transfer) | Forecasting: SAP Finance + Tax Compliance → financial forecasting adjacent | Audit Preparation: Tax Compliance + SAP Finance → audit readiness (61% co-occurrence),0.68,SAP+Workable+Moodle,Active,No
MN-2024190,Putri Kurniawan,Medical Advisor,Balikpapan,Pharmacovigilance|Clinical Trials|Medical Writing|KOL Management|Clinical Knowledge,Product Launch|Presentation Skills|Data Analysis,Product Launch: KOL Management + Regulatory Affairs → launch support role inferred | Presentation Skills: KOL Management → medical presentation exposure in 79% of cases | Data Analysis: Medical Advisor + Pharmacovigilance → outcomes data analysis,0.9,SAP+Workable,High Potential,No
MN-2024191,Lestari Rachman,Branch Manager,Makassar,Budgeting|P&L Management|Strategic Planning|KPI Monitoring,Change Management|Crisis Management,Change Management: Branch Manager + KPI Monitoring → change management scope inferred | Crisis Management: Stakeholder Management + Budgeting → crisis response expected,0.85,SAP+Workable,Ready for Reskilling,No
MN-2024192,Chandra Riyadi,Customer Service,Yogyakarta,N/A,Product Knowledge|Retention Strategy,Product Knowledge: Role-cluster average: 73% of CS peers in same branch list this skill | Retention Strategy: Inferred from tenure >3 yrs + CRM skill — retention exposure likely,0.73,SAP+Workable+Moodle,Stable,No
MN-2024193,Priya Iskandar,Branch Manager,Yogyakarta,P&L Management|Strategic Planning|KPI Monitoring|Team Leadership,Change Management|Crisis Management|Coaching,Change Management: Branch Manager + KPI Monitoring → change management scope inferred | Crisis Management: Stakeholder Management + Budgeting → crisis response expected | Coaching: Team Leadership >3 yrs → coaching behavior emerges (HRBP research),0.96,SAP+Workable+Moodle,Stable,No
MN-2024194,Yanuar Rahayu,HR Specialist,Palembang,N/A,Training & Development|Talent Management,Training & Development: HR with Onboarding + Performance data → T&D responsibility (81%) | Talent Management: Seniority signal: >5 yrs HR tenure correlates with talent mgmt scope,0.69,SAP+Workable+Moodle,Ready for Reskilling,No
MN-2024195,Wulan Halim,Branch Manager,Semarang,Budgeting|Stakeholder Management|Strategic Planning|Team Leadership,Workforce Planning|Change Management,Workforce Planning: P&L Management + Team Leadership → planning responsibility at BM level | Change Management: Branch Manager + KPI Monitoring → change management scope inferred,0.79,SAP+Workable+Moodle,Active,No
MN-2024196,Eko Firmansyah,Regulatory Affairs Officer,Makassar,N/A,Regulatory Intelligence|SOP Writing|Risk Assessment,Regulatory Intelligence: Adjacent to Dossier Prep + BPOM Regulation (domain cluster) | SOP Writing: RA Officers with GCP certified show 77% SOP writing activity | Risk Assessment: Labeling Compliance + Audit Support → risk assessment scope,0.57,SAP+Workable+Moodle,High Potential,Yes
MN-2024197,Tika Pranoto,Regulatory Affairs Officer,Jakarta,N/A,SOP Writing|Risk Assessment,SOP Writing: RA Officers with GCP certified show 77% SOP writing activity | Risk Assessment: Labeling Compliance + Audit Support → risk assessment scope,0.52,SAP+Workable+Moodle,Active,Yes
MN-2024198,Laila Lukman,Branch Manager,Medan,Strategic Planning|Stakeholder Management|Team Leadership|Budgeting|KPI Monitoring,Coaching|Workforce Planning|Change Management,Coaching: Team Leadership >3 yrs → coaching behavior emerges (HRBP research) | Workforce Planning: P&L Management + Team Leadership → planning responsibility at BM level | Change Management: Branch Manager + KPI Monitoring → change management scope inferred,0.87,SAP+Workable,Stable,No
MN-2024199,Lukman Halim,Logistics Coordinator,Jakarta,N/A,3PL Management|Cold Chain Logistics,3PL Management: Supply Chain + SAP WM → 3PL coordination in 71% of logistics roles | Cold Chain Logistics: Pharma logistics context → cold chain handling required for product type,0.52,SAP+Workable+Moodle,Ready for Reskilling,Yes
MN-2024200,Kiki Kurniawan,Medical Advisor,Jakarta,N/A,Scientific Communication|Product Launch,Scientific Communication: Pharmacovigilance + Medical Writing → sci-comm requirement | Product Launch: KOL Management + Regulatory Affairs → launch support role inferred,0.55,SAP+Workable+Moodle,Ready for Reskilling,Yes
